days,maturity,strike,option_type,bid,ask,underlying
30,0.0821918,67,C,32.7,33.65,100
30,0.0821918,67,P,0,0.01,100
30,0.0821918,68,C,31.55,32.85,100
30,0.0821918,68,P,0,0.02,100
30,0.0821918,69,C,31.1,32.05,100
30,0.0821918,69,P,0,0.01,100
30,0.0821918,70,C,29.25,30.3,100
30,0.0821918,70,P,0,0.02,100
30,0.0821918,71,C,28.8,29.8,100
30,0.0821918,71,P,0,0.01,100
30,0.0821918,72,C,27.7,28.5,100
30,0.0821918,72,P,0,0.02,100
30,0.0821918,73,C,26.75,27.45,100
30,0.0821918,73,P,0,0.01,100
30,0.0821918,74,C,25.45,26.25,100
30,0.0821918,74,P,0,0.01,100
30,0.0821918,75,C,24.55,25.5,100
30,0.0821918,75,P,0,0.01,100
30,0.0821918,76,C,23.85,24.75,100
30,0.0821918,76,P,0,0.01,100
30,0.0821918,77,C,22.7,23.55,100
30,0.0821918,77,P,0,0.03,100
30,0.0821918,78,C,21.85,22.45,100
30,0.0821918,78,P,0,0.02,100
30,0.0821918,79,C,20.65,21.5,100
30,0.0821918,79,P,0,0.02,100
30,0.0821918,80,C,20.7,21.5,100
30,0.0821918,80,P,0,0.02,100
30,0.0821918,81,C,18.75,19.55,100
30,0.0821918,81,P,0,0.02,100
30,0.0821918,82,C,17.55,18.15,100
30,0.0821918,82,P,0,0.03,100
30,0.0821918,83,C,16.7,17.4,100
30,0.0821918,83,P,0,0.04,100
30,0.0821918,84,C,15.75,16.2,100
30,0.0821918,84,P,0.01,0.04,100
30,0.0821918,85,C,14.7,15.1,100
30,0.0821918,85,P,0.02,0.05,100
30,0.0821918,86,C,15.15,15.55,100
30,0.0821918,86,P,0.03,0.06,100
30,0.0821918,87,C,13.15,13.55,100
30,0.0821918,87,P,0.06,0.09,100
30,0.0821918,88,C,12.05,12.45,100
30,0.0821918,88,P,0.08,0.12,100
30,0.0821918,89,C,11.05,11.4,100
30,0.0821918,89,P,0.12,0.16,100
30,0.0821918,90,C,10.05,10.45,100
30,0.0821918,90,P,0.17,0.21,100
30,0.0821918,91,C,9.35,9.6,100
30,0.0821918,91,P,0.22,0.26,100
30,0.0821918,92,C,8.35,8.65,100
30,0.0821918,92,P,0.29,0.33,100
30,0.0821918,93,C,7.45,7.7,100
30,0.0821918,93,P,0.39,0.43,100
30,0.0821918,94,C,6.55,6.85,100
30,0.0821918,94,P,0.5,0.55,100
30,0.0821918,95,C,5.75,5.95,100
30,0.0821918,95,P,0.65,0.7,100
30,0.0821918,96,C,5,5.2,100
30,0.0821918,96,P,0.84,0.9,100
30,0.0821918,97,C,4.2,4.45,100
30,0.0821918,97,P,1.05,1.12,100
30,0.0821918,98,C,3.5,3.7,100
30,0.0821918,98,P,1.36,1.43,100
30,0.0821918,99,C,2.83,2.96,100
30,0.0821918,99,P,1.68,1.77,100
30,0.0821918,100,C,2.29,2.4,100
30,0.0821918,100,P,2.09,2.17,100
30,0.0821918,101,C,1.75,1.83,100
30,0.0821918,101,P,2.54,2.64,100
30,0.0821918,102,C,1.33,1.39,100
30,0.0821918,102,P,3,3.2,100
30,0.0821918,103,C,0.93,0.99,100
30,0.0821918,103,P,3.65,3.8,100
30,0.0821918,104,C,0.65,0.69,100
30,0.0821918,104,P,4.35,4.55,100
30,0.0821918,105,C,0.42,0.47,100
30,0.0821918,105,P,5.1,5.3,100
30,0.0821918,106,C,0.25,0.29,100
30,0.0821918,106,P,5.95,6.2,100
30,0.0821918,107,C,0.16,0.2,100
30,0.0821918,107,P,6.8,7.1,100
30,0.0821918,108,C,0.09,0.12,100
30,0.0821918,108,P,7.65,7.95,100
30,0.0821918,109,C,0.04,0.07,100
30,0.0821918,109,P,8.95,8.7,100
30,0.0821918,110,C,0.02,0.05,100
30,0.0821918,110,P,9.55,9.85,100
30,0.0821918,111,C,0,0.03,100
30,0.0821918,111,P,10.55,10.9,100
30,0.0821918,112,C,0,0.01,100
30,0.0821918,112,P,11.55,11.95,100
30,0.0821918,113,C,0,0.02,100
30,0.0821918,113,P,12.2,12.75,100
30,0.0821918,114,C,0,0.02,100
30,0.0821918,114,P,13.55,14,100
30,0.0821918,115,C,0,0.02,100
30,0.0821918,115,P,14.5,15,100
30,0.0821918,116,C,0,0.01,100
30,0.0821918,116,P,15.45,16,100
30,0.0821918,117,C,0,0.01,100
30,0.0821918,117,P,16.4,17,100
30,0.0821918,118,C,0,0.02,100
30,0.0821918,118,P,17.3,18.05,100
30,0.0821918,119,C,0,0.02,100
30,0.0821918,119,P,18.2,18.95,100
30,0.0821918,120,C,0,0.01,100
30,0.0821918,120,P,19.4,20,100
30,0.0821918,121,C,0,0.02,100
30,0.0821918,121,P,21,21.6,100
30,0.0821918,122,C,0,0.02,100
30,0.0821918,122,P,21.3,22.15,100
30,0.0821918,123,C,0,0.01,100
30,0.0821918,123,P,22.15,22.9,100
30,0.0821918,124,C,0,0.01,100
30,0.0821918,124,P,23.35,24.2,100
30,0.0821918,125,C,0,0.01,100
30,0.0821918,125,P,24.4,25.05,100
30,0.0821918,126,C,0,0.02,100
30,0.0821918,126,P,25.2,26.15,100
30,0.0821918,127,C,0,0.02,100
30,0.0821918,127,P,26.25,27,100
30,0.0821918,128,C,0,0.02,100
30,0.0821918,128,P,27.35,28.25,100
30,0.0821918,129,C,0,0.02,100
30,0.0821918,129,P,28,28.8,100
30,0.0821918,130,C,0,0.02,100
30,0.0821918,130,P,29.35,30.25,100
30,0.0821918,131,C,0,0.02,100
30,0.0821918,131,P,30.2,31.35,100
30,0.0821918,132,C,0,0.02,100
30,0.0821918,132,P,31.2,32.35,100
30,0.0821918,133,C,0,0.01,100
30,0.0821918,133,P,32.25,33.3,100
91,0.249315,50,C,48.85,50.1,100
91,0.249315,50,P,0,0.02,100
91,0.249315,52.5,C,46.85,48.2,100
91,0.249315,52.5,P,0,0.02,100
91,0.249315,55,C,44.2,45.35,100
91,0.249315,55,P,0,0.02,100
91,0.249315,57.5,C,41.95,43.1,100
91,0.249315,57.5,P,0,0.02,100
91,0.249315,60,C,39.8,40.85,100
91,0.249315,60,P,0,0.02,100
91,0.249315,62.5,C,37.25,38.45,100
91,0.249315,62.5,P,0,0.01,100
91,0.249315,65,C,35.15,36.2,100
91,0.249315,65,P,0.01,0.04,100
91,0.249315,67.5,C,32.2,33.3,100
91,0.249315,67.5,P,0.01,0.04,100
91,0.249315,70,C,29.6,30.5,100
91,0.249315,70,P,0.03,0.07,100
91,0.249315,72.5,C,27.45,28.15,100
91,0.249315,72.5,P,0.05,0.09,100
91,0.249315,75,C,24.95,25.7,100
91,0.249315,75,P,0.09,0.12,100
91,0.249315,77.5,C,22.4,23.25,100
91,0.249315,77.5,P,0.15,0.18,100
91,0.249315,80,C,20.4,21.05,100
91,0.249315,80,P,0.23,0.27,100
91,0.249315,82.5,C,17.9,18.5,100
91,0.249315,82.5,P,0.33,0.36,100
91,0.249315,85,C,15.4,16,100
91,0.249315,85,P,0.46,0.51,100
91,0.249315,87.5,C,13.55,14,100
91,0.249315,87.5,P,0.69,0.74,100
91,0.249315,90,C,11.25,11.75,100
91,0.249315,90,P,0.97,1.03,100
91,0.249315,92.5,C,9.65,9.25,100
91,0.249315,92.5,P,1.35,1.44,100
91,0.249315,95,C,7.3,7.6,100
91,0.249315,95,P,1.83,1.92,100
91,0.249315,97.5,C,5.55,5.8,100
91,0.249315,97.5,P,2.52,2.6,100
91,0.249315,100,C,3.95,4.1,100
91,0.249315,100,P,3.3,3.5,100
91,0.249315,102.5,C,2.63,2.72,100
91,0.249315,102.5,P,4.4,4.6,100
91,0.249315,105,C,1.55,1.63,100
91,0.249315,105,P,5.85,6.05,100
91,0.249315,107.5,C,0.83,0.89,100
91,0.249315,107.5,P,7.6,7.85,100
91,0.249315,110,C,0.41,0.46,100
91,0.249315,110,P,9.55,9.85,100
91,0.249315,112.5,C,0.18,0.21,100
91,0.249315,112.5,P,11.7,12.15,100
91,0.249315,115,C,0.08,0.11,100
91,0.249315,115,P,14.1,14.55,100
91,0.249315,117.5,C,0.03,0.06,100
91,0.249315,117.5,P,16.5,17.05,100
91,0.249315,120,C,0.01,0.04,100
91,0.249315,120,P,18.8,19.4,100
91,0.249315,122.5,C,0,0.02,100
91,0.249315,122.5,P,20.85,21.6,100
91,0.249315,125,C,0,0.03,100
91,0.249315,125,P,23.75,24.4,100
91,0.249315,127.5,C,0,0.02,100
91,0.249315,127.5,P,26.2,27.25,100
91,0.249315,130,C,0,0.01,100
91,0.249315,130,P,28.3,29.45,100
91,0.249315,132.5,C,0,0.01,100
91,0.249315,132.5,P,31.15,32.15,100
91,0.249315,135,C,0,0.01,100
91,0.249315,135,P,33.6,34.65,100
91,0.249315,137.5,C,0,0.01,100
91,0.249315,137.5,P,35.7,37.05,100
91,0.249315,140,C,0,0.01,100
91,0.249315,140,P,38.95,40.1,100
91,0.249315,142.5,C,0,0.01,100
91,0.249315,142.5,P,40.85,42.35,100
91,0.249315,145,C,0,0.01,100
91,0.249315,145,P,43.85,45.1,100
91,0.249315,147.5,C,0,0.02,100
91,0.249315,147.5,P,46,47.6,100
91,0.249315,150,C,0,0.01,100
91,0.249315,150,P,47.95,49.35,100
91,0.249315,152.5,C,0,0.02,100
91,0.249315,152.5,P,50.35,52.05,100
91,0.249315,155,C,0,0.02,100
91,0.249315,155,P,53.05,55.05,100
91,0.249315,157.5,C,0,0.03,100
91,0.249315,157.5,P,55.65,57,100
91,0.249315,160,C,0,0.01,100
91,0.249315,160,P,57.75,59.85,100
91,0.249315,162.5,C,0,0.01,100
91,0.249315,162.5,P,60.15,62.1,100
182,0.49863,37.5,C,61.65,63.75,100
182,0.49863,37.5,P,0,0.01,100
182,0.49863,40,C,59.55,61.55,100
182,0.49863,40,P,0,0.02,100
182,0.49863,42.5,C,57.4,58.8,100
182,0.49863,42.5,P,0,0.02,100
182,0.49863,45,C,54.45,55.95,100
182,0.49863,45,P,0,0.01,100
182,0.49863,47.5,C,51,53,100
182,0.49863,47.5,P,0,0.03,100
182,0.49863,50,C,49.25,50.55,100
182,0.49863,50,P,0,0.03,100
182,0.49863,52.5,C,46.5,48.05,100
182,0.49863,52.5,P,0.01,0.04,100
182,0.49863,55,C,45.25,46.35,100
182,0.49863,55,P,0.04,0.06,100
182,0.49863,57.5,C,41.8,43.45,100
182,0.49863,57.5,P,0.03,0.07,100
182,0.49863,60,C,40.3,41.4,100
182,0.49863,60,P,0.06,0.09,100
182,0.49863,62.5,C,37.7,38.85,100
182,0.49863,62.5,P,0.11,0.14,100
182,0.49863,65,C,35.6,36.75,100
182,0.49863,65,P,0.14,0.17,100
182,0.49863,67.5,C,33,34.15,100
182,0.49863,67.5,P,0.2,0.23,100
182,0.49863,70,C,30.3,31.5,100
182,0.49863,70,P,0.26,0.3,100
182,0.49863,72.5,C,28,29,100
182,0.49863,72.5,P,0.33,0.37,100
182,0.49863,75,C,25.8,26.6,100
182,0.49863,75,P,0.45,0.49,100
182,0.49863,77.5,C,23.6,24.25,100
182,0.49863,77.5,P,0.59,0.64,100
182,0.49863,80,C,21.1,21.9,100
182,0.49863,80,P,0.75,0.81,100
182,0.49863,82.5,C,18.95,19.75,100
182,0.49863,82.5,P,0.94,1.01,100
182,0.49863,85,C,17.1,17.55,100
182,0.49863,85,P,1.2,1.26,100
182,0.49863,87.5,C,14.5,15.1,100
182,0.49863,87.5,P,1.5,1.57,100
182,0.49863,90,C,12.75,13.15,100
182,0.49863,90,P,1.85,1.95,100
182,0.49863,92.5,C,10.7,11.05,100
182,0.49863,92.5,P,2.36,2.46,100
182,0.49863,95,C,8.9,9.25,100
182,0.49863,95,P,2.74,2.86,100
182,0.49863,97.5,C,7.2,7.5,100
182,0.49863,97.5,P,3.45,3.65,100
182,0.49863,100,C,5.5,5.8,100
182,0.49863,100,P,4.3,4.5,100
182,0.49863,102.5,C,4.15,4.35,100
182,0.49863,102.5,P,5.35,5.55,100
182,0.49863,105,C,2.87,2.98,100
182,0.49863,105,P,6.55,6.8,100
182,0.49863,107.5,C,1.78,1.87,100
182,0.49863,107.5,P,7.95,8.25,100
182,0.49863,110,C,1.23,1.29,100
182,0.49863,110,P,9.65,9.95,100
182,0.49863,112.5,C,0.76,0.81,100
182,0.49863,112.5,P,11.6,12,100
182,0.49863,115,C,0.46,0.5,100
182,0.49863,115,P,13.55,14,100
182,0.49863,117.5,C,0.25,0.29,100
182,0.49863,117.5,P,15.8,16.3,100
182,0.49863,120,C,0.16,0.19,100
182,0.49863,120,P,18.35,19.05,100
182,0.49863,122.5,C,0.09,0.13,100
182,0.49863,122.5,P,20.6,21.15,100
182,0.49863,125,C,0.06,0.09,100
182,0.49863,125,P,23.1,23.7,100
182,0.49863,127.5,C,0.03,0.06,100
182,0.49863,127.5,P,25.55,26.55,100
182,0.49863,130,C,0.01,0.04,100
182,0.49863,130,P,27.9,28.8,100
182,0.49863,132.5,C,0,0.03,100
182,0.49863,132.5,P,30.15,31.15,100
182,0.49863,135,C,0,0.04,100
182,0.49863,135,P,33.1,34.05,100
182,0.49863,137.5,C,0,0.03,100
182,0.49863,137.5,P,35.15,36.3,100
182,0.49863,140,C,0,0.02,100
182,0.49863,140,P,37.35,38.4,100
182,0.49863,142.5,C,0,0.02,100
182,0.49863,142.5,P,39.95,41.45,100
182,0.49863,145,C,0,0.01,100
182,0.49863,145,P,42.25,43.85,100
182,0.49863,147.5,C,0,0.02,100
182,0.49863,147.5,P,44.4,45.7,100
182,0.49863,150,C,0,0.03,100
182,0.49863,150,P,47.25,48.4,100
182,0.49863,152.5,C,0,0.02,100
182,0.49863,152.5,P,49.2,51.1,100
182,0.49863,155,C,0,0.03,100
182,0.49863,155,P,51.2,52.7,100
182,0.49863,157.5,C,0,0.02,100
182,0.49863,157.5,P,54.15,56,100
182,0.49863,160,C,0,0.01,100
182,0.49863,160,P,56.4,58.5,100
182,0.49863,162.5,C,0,0.02,100
182,0.49863,162.5,P,58.75,60.85,100
182,0.49863,165,C,0,0.01,100
182,0.49863,165,P,60.4,62.7,100
182,0.49863,167.5,C,0,0.01,100
182,0.49863,167.5,P,63.75,65.75,100
182,0.49863,170,C,0,0.02,100
182,0.49863,170,P,66.15,68.6,100
182,0.49863,172.5,C,0,0.02,100
182,0.49863,172.5,P,68.85,70.95,100
182,0.49863,175,C,0,0.02,100
182,0.49863,175,P,70.75,72.7,100
182,0.49863,177.5,C,0,0.02,100
182,0.49863,177.5,P,73.95,76.25,100
182,0.49863,180,C,0,0.01,100
182,0.49863,180,P,75.4,77.6,100
182,0.49863,182.5,C,0,0.01,100
182,0.49863,182.5,P,78.1,80.85,100
182,0.49863,185,C,0,0.01,100
182,0.49863,185,P,81.6,84.55,100
182,0.49863,187.5,C,0,0.01,100
182,0.49863,187.5,P,83.1,85.25,100
182,0.49863,190,C,0,0.01,100
182,0.49863,190,P,85.6,87.85,100
182,0.49863,192.5,C,0,0.01,100
182,0.49863,192.5,P,88.85,91.45,100
182,0.49863,195,C,0,0.01,100
182,0.49863,195,P,90.25,93,100
182,0.49863,197.5,C,0,0.01,100
182,0.49863,197.5,P,92.3,95.85,100
182,0.49863,200,C,0,0.01,100
182,0.49863,200,P,95.2,98.8,100
182,0.49863,202.5,C,0,0.01,100
182,0.49863,202.5,P,98.35,102.1,100
365,1,25,C,73.65,76.25,100
365,1,25,P,0,0.02,100
365,1,30,C,68.95,70.95,100
365,1,30,P,0.01,0.03,100
365,1,35,C,63.6,65.55,100
365,1,35,P,0.01,0.03,100
365,1,40,C,59.15,61.35,100
365,1,40,P,0.03,0.06,100
365,1,45,C,54.65,56.25,100
365,1,45,P,0.06,0.09,100
365,1,50,C,50.15,51.95,100
365,1,50,P,0.12,0.16,100
365,1,55,C,44.85,46.5,100
365,1,55,P,0.22,0.25,100
365,1,60,C,41.1,42.4,100
365,1,60,P,0.35,0.4,100
365,1,65,C,35.9,37.25,100
365,1,65,P,0.52,0.57,100
365,1,70,C,31.8,32.8,100
365,1,70,P,0.78,0.83,100
365,1,75,C,27.1,28.1,100
365,1,75,P,1.12,1.18,100
365,1,80,C,22.8,23.65,100
365,1,80,P,1.57,1.66,100
365,1,85,C,19.1,19.65,100
365,1,85,P,2.18,2.28,100
365,1,90,C,14.85,15.35,100
365,1,90,P,3,3.2,100
365,1,95,C,11.1,11.55,100
365,1,95,P,4.05,4.25,100
365,1,100,C,7.95,8.25,100
365,1,100,P,5.6,5.8,100
365,1,105,C,5.25,5.4,100
365,1,105,P,7.55,7.85,100
365,1,110,C,3.15,3.35,100
365,1,110,P,10.15,10.45,100
365,1,115,C,1.66,1.75,100
365,1,115,P,13.3,13.8,100
365,1,120,C,0.85,0.89,100
365,1,120,P,17.25,17.75,100
365,1,125,C,0.4,0.45,100
365,1,125,P,22,22.6,100
365,1,130,C,0.21,0.24,100
365,1,130,P,25.8,26.8,100
365,1,135,C,0.11,0.13,100
365,1,135,P,31.2,32.2,100
365,1,140,C,0.06,0.09,100
365,1,140,P,35.6,36.85,100
365,1,145,C,0.02,0.05,100
365,1,145,P,40,41.45,100
365,1,150,C,0.01,0.04,100
365,1,150,P,44.45,45.95,100
365,1,155,C,0,0.03,100
365,1,155,P,50.1,51.45,100
365,1,160,C,0,0.02,100
365,1,160,P,55.05,56.95,100
365,1,165,C,0,0.02,100
365,1,165,P,58.9,60.45,100
365,1,170,C,0,0.02,100
365,1,170,P,63.8,65.6,100
365,1,175,C,0,0.01,100
365,1,175,P,69.1,71.2,100
365,1,180,C,0,0.02,100
365,1,180,P,73.65,75.5,100
365,1,185,C,0,0.02,100
365,1,185,P,79.2,81.2,100
365,1,190,C,0,0.01,100
365,1,190,P,82.25,85.05,100
365,1,195,C,0,0.01,100
365,1,195,P,87.7,90.8,100
365,1,200,C,0,0.02,100
365,1,200,P,91.45,94.15,100
365,1,205,C,0,0.02,100
365,1,205,P,98.5,101.35,100
365,1,210,C,0,0.02,100
365,1,210,P,101.4,104.1,100
365,1,215,C,0,0.02,100
365,1,215,P,104.55,107.9,100
365,1,220,C,0,0.01,100
365,1,220,P,111.35,114.95,100
365,1,225,C,0,0.02,100
365,1,225,P,115.35,119.7,100
365,1,230,C,0,0.01,100
365,1,230,P,122.4,125.3,100
365,1,235,C,0,0.02,100
365,1,235,P,124.55,129.2,100
365,1,240,C,0,0.01,100
365,1,240,P,129.55,134.55,100
365,1,245,C,0,0.02,100
365,1,245,P,135.5,139.4,100
365,1,250,C,0,0.02,100
365,1,250,P,141.15,145.95,100
365,1,255,C,0,0.01,100
365,1,255,P,143.8,149,100
365,1,260,C,0,0.02,100
365,1,260,P,150.1,155.05,100
365,1,265,C,0,0.01,100
365,1,265,P,154.5,158.75,100
365,1,270,C,0,0.02,100
365,1,270,P,157.9,163.1,100
